container_num_short,container_num_lobg,departure_date,eta,arrival_date,station,ci_number,custom_clearance,gtd,assortment,quantity,assortment_id
B51,DLRU0007902,26.08.2023,04.10.2023,04.10.2023,Ворсино,,да,,CB.002.0204.003,44,
B51,DLRU0007902,26.08.2023,04.10.2023,04.10.2023,Ворсино,,да,,CB.002.0224.0003,175,
B51,DLRU0007902,26.08.2023,04.10.2023,04.10.2023,Ворсино,,да,,CB.002.0603.001,305,
B44,TKRU4381661,26.08.2023,04.10.2023,04.10.2023,Ворсино,,да,,CB.050.0204.0005,552,
B45,NEPU4512520,26.08.2023,26.09.2023,26.09.2023,Ворсино,,да,,CB.050.0204.0005,548,
B45,NEPU4512520,26.08.2023,26.09.2023,26.09.2023,Ворсино,,да,,CB.002.0203.001,4,
B50,NEPU4523844,26.08.2023,04.10.2023,04.10.2023,Ворсино,,да,,CB.002.0204.003,552,
B46,TKRU4581280,26.08.2023,04.10.2023,04.10.2023,Ворсино,,да,,CB.050.0224.0005,550,
B47,RZDU5200567,26.08.2023,26.09.2023,26.09.2023,Ворсино,,да,,CB.050.0224.0005,550,
B48,NEPU4511340,26.08.2023,26.09.2023,26.09.2023,Ворсино,,да,,CB.050.0224.0005,530,
B48,NEPU4511340,26.08.2023,26.09.2023,26.09.2023,Ворсино,,да,,CB.002.0203.0008,22,
B49,TKRU4670221,26.08.2023,04.10.2023,04.10.2023,Ворсино,,да,,CB.050.0204.0004,550,
B52,SEKU6538661,26.08.2023,26.09.2023,26.09.2023,Ворсино,,да,,CB.050.0204.0004,550,
B53,SEKU6538785,26.08.2023,26.09.2023,26.09.2023,Ворсино,,да,,CB.002.0206.001,200,
B53,SEKU6538785,26.08.2023,26.09.2023,26.09.2023,Ворсино,,да,,CB.002.0203.001,26,
B53,SEKU6538785,26.08.2023,26.09.2023,26.09.2023,Ворсино,,да,,CB.050.0224.0006,251,
B56,HMCU9207339,25.09.2023,10.11.2023,10.11.2023,Электроугли,,да,,CB.002.0203.001,552,
B57,GLDU0682920,25.09.2023,10.11.2023,10.11.2023,Электроугли,,да,,CB.002.0203.001,363,
B57,GLDU0682920,25.09.2023,10.11.2023,10.11.2023,Электроугли,,да,,CB.002.0204.003,189,
B58,NEPU4528960,23.10.2023,09.11.2023,09.11.2023,Ворсино,SN1231023001,да,,CB.002.0203.001,552,
B59,TKRU4424721,20.10.2023,25.11.2023,25.11.2023,Селятино,,да,,CB.002.0203.001,270,
B59,TKRU4424721,20.10.2023,25.11.2023,25.11.2023,Селятино,,да,,CB.002.0640.001,60,
B59,TKRU4424721,20.10.2023,25.11.2023,25.11.2023,Селятино,,да,,CB.002.0604.001,100,
B59,TKRU4424721,20.10.2023,25.11.2023,25.11.2023,Селятино,,да,,CB.002.0350.0001,56,
B60,NEPU5000088,09.11.2023,01.12.2023,01.12.2023,Ворсино,,да,,CB.050.0224.0005,552,
B61,NEPU6005802,11.11.2023,01.12.2023,01.12.2023,Ворсино,SN1231113001,да,,CB.050.0224.0005,530,
B61,NEPU6005802,11.11.2023,01.12.2023,01.12.2023,Ворсино,SN1231113001,да,,AF.05.01.0020,60,
B62,NEPU6006460,13.11.2023,01.12.2023,01.12.2023,Ворсино,SN1231113002,да,,CB.050.0224.0005,268,
B62,NEPU6006460,13.11.2023,01.12.2023,01.12.2023,Ворсино,SN1231113002,да,,CB.002.0203.001,84,
B62,NEPU6006460,13.11.2023,01.12.2023,01.12.2023,Ворсино,SN1231113002,да,,CB.050.0224.0006,200,
B63,SEKU6246356,17.11.2023,06.12.2023,06.12.2023,Ворсино,SN1231117001,да,,CB.050.0224.0006,552,
B64,TRLU6860537,07.12.2023,30.12.2024,30.12.2024,Электроугли,,да,,CB.050.0224.0005,552,
B65,NEPU4563683,08.12.2023,03.01.2024,03.01.2024,Электроугли,SN1231208002,да,,CB.050.0224.0005,552,
B66,SEKU6531158,08.12.2023,10.01.2024,10.01.2024,Электроугли,,да,,CB.050.0224.0005,304,
B66,SEKU6531158,08.12.2023,10.01.2024,10.01.2024,Электроугли,,да,,CB.050.0224.0006,6,
B67,NEPU4581054,16.12.2023,29.01.2024,29.01.2024,Электроугли,SN1231023001,да,,CB.002.0203.001,552,
B68,NEPU4580633,18.12.2023,29.01.2024,29.01.2024,Электроугли,SN1231218002,да,,CB.002.0203.001,358,
B68,NEPU4580633,18.12.2023,29.01.2024,29.01.2024,Электроугли,SN1231218002,да,,CB.002.0203.001,194,
B69,NLRU4001570,27.12.2023,29.01.2024,29.01.2024,Электроугли,SN1231229002,да,,CB.033.0204.0001,520,
B69,NLRU4001570,27.12.2023,29.01.2024,29.01.2024,Электроугли,SN1231229002,да,,CB.033.1404.0001,117,
B69,NLRU4001570,27.12.2023,29.01.2024,29.01.2024,Электроугли,SN1231229002,да,,CB.033.1424.0001,0,
B70,NLRU4006946,28.12.2023,29.01.2024,29.01.2024,Электроугли,,да,,CB.033.0224.0001,370,
B70,NLRU4006946,28.12.2023,29.01.2024,29.01.2024,Электроугли,,да,,CB.033.1424.0001,136,
B70,NLRU4006946,28.12.2023,29.01.2024,29.01.2024,Электроугли,,да,,CB.002.0203.001,46,
H10,TKRU4599777,20.10.2023,25.11.2023,25.11.2023,Селятино,,да,,CB.002.0204.003,106,
H10,TKRU4599777,20.10.2023,25.11.2023,25.11.2023,Селятино,,да,,C.01.SPF02.0016,300,
H10,TKRU4599777,20.10.2023,25.11.2023,25.11.2023,Селятино,,да,,C.01.SPF02.0020,250,
H10,TKRU4599777,20.10.2023,25.11.2023,25.11.2023,Селятино,,да,,C.01.SPF02.0013,100,
H10,TKRU4599777,20.10.2023,25.11.2023,25.11.2023,Селятино,,да,,1.01.18.0032,100,
H10,TKRU4599777,20.10.2023,25.11.2023,25.11.2023,Селятино,,да,,C.01.SPF02.0011,50,
H10,TKRU4599777,20.10.2023,25.11.2023,25.11.2023,Селятино,,да,,1.01.18.0032,50,
B1,FITU5621089,24.01.2024,13.03.2024,12.03.2024,Белый Раст,SN1240124001,да,,CB.002.0640.001,150,
B1,FITU5621089,24.01.2024,13.03.2024,12.03.2024,Белый Раст,SN1240124001,да,,CB.002.0350.0001,80,
B1,FITU5621089,24.01.2024,13.03.2024,12.03.2024,Белый Раст,SN1240124001,да,,C.01.SPF02.0015,375,
B2,APZU4440408,02.01.2024,13.03.2024,12.03.2024,Белый Раст,SN1240201001,да,,CB.002.0204.003,50,
B2,APZU4440408,02.01.2024,13.03.2024,12.03.2024,Белый Раст,SN1240201001,да,,CB.002.0204.003,30,
B2,APZU4440408,02.01.2024,13.03.2024,12.03.2024,Белый Раст,SN1240201001,да,,CB.002.0204.003,30,
B2,APZU4440408,02.01.2024,13.03.2024,12.03.2024,Белый Раст,SN1240201001,да,,CB.002.0604.0002,20,
B2,APZU4440408,02.01.2024,13.03.2024,12.03.2024,Белый Раст,SN1240201001,да,,CB.002.0604.0002,20,
B2,APZU4440408,02.01.2024,13.03.2024,12.03.2024,Белый Раст,SN1240201001,да,,CB.002.0604.001,30,
B2,APZU4440408,02.01.2024,13.03.2024,12.03.2024,Белый Раст,SN1240201001,да,,CB.002.0604.001,35,
B2,APZU4440408,02.01.2024,13.03.2024,12.03.2024,Белый Раст,SN1240201001,да,,CB.002.0604.001,35,
B2,APZU4440408,02.01.2024,13.03.2024,12.03.2024,Белый Раст,SN1240201001,да,,CB.050.0224.0005,30,
B2,APZU4440408,02.01.2024,13.03.2024,12.03.2024,Белый Раст,SN1240201001,да,,CB.002.0203.0006,20,
B2,APZU4440408,02.01.2024,13.03.2024,12.03.2024,Белый Раст,SN1240201001,да,,CB.002.0203.0008,10,
B2,APZU4440408,02.01.2024,13.03.2024,12.03.2024,Белый Раст,SN1240201001,да,,C.01.SPF02.0014,10,
B2,APZU4440408,02.01.2024,13.03.2024,12.03.2024,Белый Раст,SN1240201001,да,,C.01.SPF02.0019,20,
B2,APZU4440408,02.01.2024,13.03.2024,12.03.2024,Белый Раст,SN1240201001,да,,C.01.SPF02.0012,100,
B2,APZU4440408,02.01.2024,13.03.2024,12.03.2024,Белый Раст,SN1240201001,да,,C.01.SPF02.0013,60,
B2,APZU4440408,02.01.2024,13.03.2024,12.03.2024,Белый Раст,SN1240201001,да,,C.01.SPF02.0011,30,
B3,TKRU4621124,26.02.2024,27.03.2024,29.03.2024,Селятино,SN1240224001,да,,C.01.SPF02.0019,80,
B3,TKRU4621124,26.02.2024,27.03.2024,29.03.2024,Селятино,SN1240224001,да,,C.01.SPF02.0020,154,
B3,TKRU4621124,26.02.2024,27.03.2024,29.03.2024,Селятино,SN1240224001,да,,C.01.SPF02.0011,20,
B3,TKRU4621124,26.02.2024,27.03.2024,29.03.2024,Селятино,SN1240224001,да,,C.01.SPF02.0021,198,
B3,TKRU4621124,26.02.2024,27.03.2024,29.03.2024,Селятино,SN1240224001,да,,CB.002.0203.001,10,
B3,TKRU4621124,26.02.2024,27.03.2024,29.03.2024,Селятино,SN1240224001,да,,CB.002.0224.0003,76,
B3,TKRU4621124,26.02.2024,27.03.2024,29.03.2024,Селятино,SN1240224001,да,,C.01.SPF02.0012,100,
B3,TKRU4621124,26.02.2024,27.03.2024,29.03.2024,Селятино,SN1240224001,да,,C.01.SPF02.0013,60,
B3,TKRU4621124,26.02.2024,27.03.2024,29.03.2024,Селятино,SN1240224001,нет,,spare parts for GWH,1 384,
B3,TKRU4621124,26.02.2024,27.03.2024,29.03.2024,Селятино,SN1240224001,нет,,spare parts for GB,162,
B4,TKRU4592849,06.03.2024,29.03.2024,29.03.2024,Ворсино,SN1240305001,да,,CB.050.0224.0005,80,
B4,TKRU4592849,06.03.2024,29.03.2024,29.03.2024,Ворсино,SN1240305001,да,,CB.050.0224.0005,50,
B4,TKRU4592849,06.03.2024,29.03.2024,29.03.2024,Ворсино,SN1240305001,да,,CB.002.0206.001,50,
B4,TKRU4592849,06.03.2024,29.03.2024,29.03.2024,Ворсино,SN1240305001,да,,CB.002.0606.0001,50,
B4,TKRU4592849,06.03.2024,29.03.2024,29.03.2024,Ворсино,SN1240305001,да,,CB.002.0603.001,70,
B4,TKRU4592849,06.03.2024,29.03.2024,29.03.2024,Ворсино,SN1240305001,да,,CB.002.0204.003,150,
B4,TKRU4592849,06.03.2024,29.03.2024,29.03.2024,Ворсино,SN1240305001,да,,CB.002.0204.003,69,
B5,TKRU4320060,07.03.2024,29.03.2024,29.03.2024,Ворсино,SN1240307001,да,,CB.002.0204.003,37,
B5,TKRU4320060,07.03.2024,29.03.2024,29.03.2024,Ворсино,SN1240307001,да,,CB.002.0204.003,150,
B5,TKRU4320060,07.03.2024,29.03.2024,29.03.2024,Ворсино,SN1240307001,да,,CB.002.0604.0002,115,
B5,TKRU4320060,07.03.2024,29.03.2024,29.03.2024,Ворсино,SN1240307001,да,,CB.002.0604.0002,120,
B5,TKRU4320060,07.03.2024,29.03.2024,29.03.2024,Ворсино,SN1240307001,да,,CB.002.0604.0002,130,
H1 (B6),TKRU4624360,25.03.2024,30.04.2024,27.04.2024,Ворсино,SN1240323001A,да,,C.01.SPF02.0016,341,
H1 (B6),TKRU4624360,25.03.2024,30.04.2024,27.04.2024,Ворсино,SN1240323001A,да,,C.01.SPF02.0020,350,
H1 (B6),TKRU4624360,25.03.2024,30.04.2024,27.04.2024,Ворсино,SN1240323001A,да,,C.01.SPF02.0011,100,
H1 (B6),TKRU4624360,25.03.2024,30.04.2024,27.04.2024,Ворсино,SN1240323001A,да,,C.01.SPF02.0013,65,
H1 (B6),TKRU4624360,25.03.2024,30.04.2024,27.04.2024,Ворсино,SN1240323001A,да,,1.01.18.0032,165,
H2 (B7),TKRU4571949,29.03.2024,30.04.2024,14.05.2024,Ворсино,SN1240323001B,да,,C.01.SPF02.0016,9,
H2 (B7),TKRU4571949,29.03.2024,30.04.2024,14.05.2024,Ворсино,SN1240323001B,да,,C.01.SPF02.0015,450,
H2 (B7),TKRU4571949,29.03.2024,30.04.2024,14.05.2024,Ворсино,SN1240323001B,да,,C.01.SPF02.0014,75,
H2 (B7),TKRU4571949,29.03.2024,30.04.2024,14.05.2024,Ворсино,SN1240323001B,да,,C.01.SPF02.0014,200,
H2 (B7),TKRU4571949,29.03.2024,30.04.2024,14.05.2024,Ворсино,SN1240323001B,да,,C.01.SPF02.0013,135,
H2 (B7),TKRU4571949,29.03.2024,30.04.2024,14.05.2024,Ворсино,SN1240323001B,да,,1.01.18.0032,135,
H2 (B7),TKRU4571949,29.03.2024,30.04.2024,14.05.2024,Ворсино,SN1240323001B,да,,C.01.SPF02.0019,30,
B6 (B8),TKRU4733675,29.03.2024,30.04.2024,14.05.2024,Ворсино,SN1240323001C,да,,C.01.SPF02.0012,194,
B6 (B8),TKRU4733675,29.03.2024,30.04.2024,14.05.2024,Ворсино,SN1240323001C,да,,1.01.18.0314,194,
B6 (B8),TKRU4733675,29.03.2024,30.04.2024,14.05.2024,Ворсино,SN1240323001C,да,,C.01.SPF02.0019,68,
B6 (B8),TKRU4733675,29.03.2024,30.04.2024,14.05.2024,Ворсино,SN1240323001C,да,,C.01.SPF02.0021,98,
B6 (B8),TKRU4733675,29.03.2024,30.04.2024,14.05.2024,Ворсино,SN1240323001C,да,,CB.002.0203.0008,50,
B6 (B8),TKRU4733675,29.03.2024,30.04.2024,14.05.2024,Ворсино,SN1240323001C,да,,CB.002.0204.003,34,
B6 (B8),TKRU4733675,29.03.2024,30.04.2024,14.05.2024,Ворсино,SN1240323001C,да,,CB.002.0604.0002,35,
B6 (B8),TKRU4733675,29.03.2024,30.04.2024,14.05.2024,Ворсино,SN1240323001C,да,,CB.002.0204.003,84,
B6 (B8),TKRU4733675,29.03.2024,30.04.2024,14.05.2024,Ворсино,SN1240323001C,нет,,spare parts for GWH,846,
B6 (B8),TKRU4733675,29.03.2024,30.04.2024,14.05.2024,Ворсино,SN1240323001C,нет,,spare parts for GB,2 582,
B7,BURU6665042,05.04.2024,05.05.2024,16.05.2024,Электроугли,SN1240401001,нет,,CB.050.0224.0005,552,
B7,BURU6665042,05.04.2024,05.05.2024,16.05.2024,Электроугли,SN1240401001,нет,,spare parts for gas boiler,10,
B8,NEPU4571924,16.04.2024,18.05.2024,17.05.2024,Электроугли,SN1240417001A,да,,JDB.C01.MIZ01.0001,135,
B8,NEPU4571924,16.04.2024,18.05.2024,17.05.2024,Электроугли,SN1240417001A,да,,JDB.C01.MIZ01.0002,207,
B8,NEPU4571924,16.04.2024,18.05.2024,17.05.2024,Электроугли,SN1240417001A,да,,JDB.C01.MIZ01.0003,203,
B8,NEPU4571924,16.04.2024,18.05.2024,17.05.2024,Электроугли,SN1240417001A,да,,JDB.C01.MIZ01.0004,120,
B8,NEPU4571924,16.04.2024,18.05.2024,17.05.2024,Электроугли,SN1240417001A,да,,CB.002.0224.0003,23,
B8,NEPU4571924,16.04.2024,18.05.2024,17.05.2024,Электроугли,SN1240417001A,да,,CB.002.0203.001,12,
B8,NEPU4571924,16.04.2024,18.05.2024,17.05.2024,Электроугли,SN1240417001A,нет,,spare parts for GB,406,
B9,SEGU6346052,16.04.2024,18.05.2024,14.05.2024,Электроугли,SN1240417001B,да,,CB.002.0204.003,252,
B9,SEGU6346052,16.04.2024,18.05.2024,14.05.2024,Электроугли,SN1240417001B,да,,CB.002.0204.003,300,
B10,NEPU4558347,16.04.2024,18.05.2024,17.05.2024,Электроугли,SN1240417001C,нет,,CB.002.0203.0007,50,
B10,NEPU4558347,16.04.2024,18.05.2024,17.05.2024,Электроугли,SN1240417001C,нет,,CB.002.0603.001,300,
B10,NEPU4558347,16.04.2024,18.05.2024,17.05.2024,Электроугли,SN1240417001C,нет,,CB.002.0605.001,100,
B10,NEPU4558347,16.04.2024,18.05.2024,17.05.2024,Электроугли,SN1240417001C,нет,,CB.002.0606.0001,18,
B10,NEPU4558347,16.04.2024,18.05.2024,17.05.2024,Электроугли,SN1240417001C,нет,,C.01.SPF02.0014,49,
B11,SEGU6389922,23.04.2024,25.05.2024,24.05.2024,Электроугли,SN1240423002A,да,,CB.050.0224.0005,12,
B11,SEGU6389922,23.04.2024,25.05.2024,24.05.2024,Электроугли,SN1240423002A,да,,CB.002.0203.001,473,
B11,SEGU6389922,23.04.2024,25.05.2024,24.05.2024,Электроугли,SN1240423002A,да,,CB.002.0606.0001,50,
B12,NEPU4591469,23.04.2024,25.05.2024,24.05.2024,Электроугли,SN1240423002C,да,,CB.002.0206.001,100,
B12,NEPU4591469,23.04.2024,25.05.2024,24.05.2024,Электроугли,SN1240423002C,да,,CB.002.0604.0002,110,
B12,NEPU4591469,23.04.2024,25.05.2024,24.05.2024,Электроугли,SN1240423002C,да,,CB.050.0224.0005,151,
B12,NEPU4591469,23.04.2024,25.05.2024,24.05.2024,Электроугли,SN1240423002C,да,,C.01.SPF02.0020,86,
B12,NEPU4591469,23.04.2024,25.05.2024,24.05.2024,Электроугли,SN1240423002C,нет,,spare parts for GWH,2 011,
B12,NEPU4591469,23.04.2024,25.05.2024,24.05.2024,Электроугли,SN1240423002C,нет,,spare parts for GB,1 781,
H3,NEPU4601459,23.04.2024,25.05.2024,24.05.2024,Электроугли,SN1240423002B,да,,C.01.SPF02.0021,2,
H3,NEPU4601459,23.04.2024,25.05.2024,24.05.2024,Электроугли,SN1240423002B,да,,C.01.SPF02.0019,2,
H3,NEPU4601459,23.04.2024,25.05.2024,24.05.2024,Электроугли,SN1240423002B,да,,C.01.SPF02.0016,177,
H3,NEPU4601459,23.04.2024,25.05.2024,24.05.2024,Электроугли,SN1240423002B,да,,C.01.SPF02.0012,83,
H3,NEPU4601459,23.04.2024,25.05.2024,24.05.2024,Электроугли,SN1240423002B,да,,1.01.18.0314,83,
H3,NEPU4601459,23.04.2024,25.05.2024,24.05.2024,Электроугли,SN1240423002B,да,,C.01.SPF02.0013,197,
H3,NEPU4601459,23.04.2024,25.05.2024,24.05.2024,Электроугли,SN1240423002B,да,,1.01.18.0032,197,
H3,NEPU4601459,23.04.2024,25.05.2024,24.05.2024,Электроугли,SN1240423002B,да,,C.01.SPF02.0011,96,
H3,NEPU4601459,23.04.2024,25.05.2024,24.05.2024,Электроугли,SN1240423002B,да,,1.01.18.0032,96,
H3,NEPU4601459,23.04.2024,25.05.2024,24.05.2024,Электроугли,SN1240423002B,да,,C.01.SPF02.0020,220,
B13,NEPU6005079,10.05.2024,20.06.2024,06.06.2024,Белый Раст,SN1240510002A,да,,CB.050.0204.0005,500,
B13,NEPU6005079,10.05.2024,20.06.2024,06.06.2024,Белый Раст,SN1240510002A,да,,CB.002.0206.001,22,
B13,NEPU6005079,10.05.2024,20.06.2024,06.06.2024,Белый Раст,SN1240510002A,да,,CB.002.0606.0001,17,
B14,SEKU6520343,13.05.2024,23.06.2024,06.06.2024,Белый Раст,SN1240510002B,да,,CB.002.0204.003,1,
B14,SEKU6520343,13.05.2024,23.06.2024,06.06.2024,Белый Раст,SN1240510002B,да,,CB.002.0204.003,83,
B14,SEKU6520343,13.05.2024,23.06.2024,06.06.2024,Белый Раст,SN1240510002B,да,,CB.002.0203.001,12,
B14,SEKU6520343,13.05.2024,23.06.2024,06.06.2024,Белый Раст,SN1240510002B,да,,CB.002.0203.001,128,
B14,SEKU6520343,13.05.2024,23.06.2024,06.06.2024,Белый Раст,SN1240510002B,да,,CB.002.0603.001,180,
B14,SEKU6520343,13.05.2024,23.06.2024,06.06.2024,Белый Раст,SN1240510002B,да,,JDB.C01.MIZ01.0001,3,
B14,SEKU6520343,13.05.2024,23.06.2024,06.06.2024,Белый Раст,SN1240510002B,да,,JDB.C01.MIZ01.0003,4,
B14,SEKU6520343,13.05.2024,23.06.2024,06.06.2024,Белый Раст,SN1240510002B,да,,CB.002.0606.0001,10,
B14,SEKU6520343,13.05.2024,23.06.2024,06.06.2024,Белый Раст,SN1240510002B,да,,CB.002.0605.001,45,
B14,SEKU6520343,13.05.2024,23.06.2024,06.06.2024,Белый Раст,SN1240510002B,да,,CB.002.0640.001,30,
B14,SEKU6520343,13.05.2024,23.06.2024,06.06.2024,Белый Раст,SN1240510002B,да,,AF.05.01.0020,30,
B14,SEKU6520343,13.05.2024,23.06.2024,06.06.2024,Белый Раст,SN1240510002B,да,,AF.01.01.0022,50,
B14,SEKU6520343,13.05.2024,23.06.2024,06.06.2024,Белый Раст,SN1240510002B,да,,AA.02.02.0005,50,
B14,SEKU6520343,13.05.2024,23.06.2024,06.06.2024,Белый Раст,SN1240510002B,да,,AA.01.01.0065,35,
B15,NEPU4538700,13.05.2024,23.06.2024,06.06.2024,Белый Раст,SN1240510002C,да,,CB.002.0204.003,318,
B15,NEPU4538700,13.05.2024,23.06.2024,06.06.2024,Белый Раст,SN1240510002C,да,,CB.002.0603.001,50,
B15,NEPU4538700,13.05.2024,23.06.2024,06.06.2024,Белый Раст,SN1240510002C,да,,C.01.SPF02.0017,100,
B15,NEPU4538700,13.05.2024,23.06.2024,06.06.2024,Белый Раст,SN1240510002C,да,,C.01.SPF01.0028,12,
B15,NEPU4538700,13.05.2024,23.06.2024,06.06.2024,Белый Раст,SN1240510002C,да,,C.01.SPF01.0010,6,
B15,NEPU4538700,13.05.2024,23.06.2024,06.06.2024,Белый Раст,SN1240510002C,да,,C.01.SPF02.0012,6,
B15,NEPU4538700,13.05.2024,23.06.2024,06.06.2024,Белый Раст,SN1240510002C,да,,1.01.18.0314,6,
B15,NEPU4538700,13.05.2024,23.06.2024,06.06.2024,Белый Раст,SN1240510002C,да,,C.01.SPF02.0016,3,
B15,NEPU4538700,13.05.2024,23.06.2024,06.06.2024,Белый Раст,SN1240510002C,да,,C.01.SPF02.0020,9,
B15,NEPU4538700,13.05.2024,23.06.2024,06.06.2024,Белый Раст,SN1240510002C,да,,C.01.SPF02.0012,117,
B15,NEPU4538700,13.05.2024,23.06.2024,06.06.2024,Белый Раст,SN1240510002C,да,,1.01.18.0314,117,
B15,NEPU4538700,13.05.2024,23.06.2024,06.06.2024,Белый Раст,SN1240510002C,да,,C.01.SPF02.0013,3,
B15,NEPU4538700,13.05.2024,23.06.2024,06.06.2024,Белый Раст,SN1240510002C,да,,1.01.18.0032,3,
B15,NEPU4538700,13.05.2024,23.06.2024,06.06.2024,Белый Раст,SN1240510002C,да,,C.01.SPF02.0011,4,
B15,NEPU4538700,13.05.2024,23.06.2024,06.06.2024,Белый Раст,SN1240510002C,да,,1.01.18.0032,4,
B15,NEPU4538700,13.05.2024,23.06.2024,06.06.2024,Белый Раст,SN1240510002C,да,,1.01.07.1161,36,
B15,NEPU4538700,13.05.2024,23.06.2024,06.06.2024,Белый Раст,SN1240510002C,да,,1.01.07.0824,31,
B15,NEPU4538700,13.05.2024,23.06.2024,06.06.2024,Белый Раст,SN1240510002C,да,,1.01.07.0825,36,
B16,WSDU4984655,04.06.2024,04.07.2024,08.07.2024,Электроугли,SN1240528002A,да,,CB.002.0224.0003,130,
B16,WSDU4984655,04.06.2024,04.07.2024,08.07.2024,Электроугли,SN1240528002A,да,,CB.002.0604.0002.15,49,
B16,WSDU4984655,04.06.2024,04.07.2024,08.07.2024,Электроугли,SN1240528002A,да,,CB.002.0604.0002.13,0,
B16,WSDU4984655,04.06.2024,04.07.2024,08.07.2024,Электроугли,SN1240528002A,да,,CB.002.0604.0002.11,20,
B16,WSDU4984655,04.06.2024,04.07.2024,08.07.2024,Электроугли,SN1240528002A,да,,CB.002.0604.0002,1,
B17,SNBU8157510,04.06.2024,04.07.2024,08.07.2024,Электроугли,SN1240528002B,да,,CB.002.0604.0002,34,
B17,SNBU8157510,04.06.2024,04.07.2024,08.07.2024,Электроугли,SN1240528002B,да,,CB.002.0604.0002.15,37,
B17,SNBU8157510,04.06.2024,04.07.2024,08.07.2024,Электроугли,SN1240528002B,да,,CB.002.0604.0002.13,24,
B17,SNBU8157510,04.06.2024,04.07.2024,08.07.2024,Электроугли,SN1240528002B,да,,CB.002.0604.0002.11,38,
B17,SNBU8157510,04.06.2024,04.07.2024,08.07.2024,Электроугли,SN1240528002B,да,,CB.002.0606.0001,200,
B17,SNBU8157510,04.06.2024,04.07.2024,08.07.2024,Электроугли,SN1240528002B,да,,CB.002.0605.001,100,
B17,SNBU8157510,04.06.2024,04.07.2024,08.07.2024,Электроугли,SN1240528002B,да,,CB.050.0224.0005,6,
B18,SEKU6297733,04.06.2024,04.07.2024,08.07.2024,Электроугли,SN1240528002C,нет,,CB.050.0224.0005,552,
H4,NEPU4562882,01.06.2024,01.07.2024,22.06.2024,Электроугли,SN1240528002D,да,,C.01.SPF02.0014,220,
H4,NEPU4562882,01.06.2024,01.07.2024,22.06.2024,Электроугли,SN1240528002D,да,,C.01.SPF02.0019,317,
H4,NEPU4562882,01.06.2024,01.07.2024,22.06.2024,Электроугли,SN1240528002D,да,,C.01.SPF02.0015,323,
B19,NEPU4587710,01.06.2024,01.07.2024,22.06.2024,Электроугли,SN1240528002E,да,,CB.002.0640.001,0,
B19,NEPU4587710,01.06.2024,01.07.2024,22.06.2024,Электроугли,SN1240528002E,да,,AF.05.01.0020,0,
B19,NEPU4587710,01.06.2024,01.07.2024,22.06.2024,Электроугли,SN1240528002E,да,,CB.050.0224.0005,147,
B20,BURU6668247,01.06.2024,01.07.2024,22.06.2024,Электроугли,SN1240528002F,нет,,CB.050.0224.0005,70,
B20,BURU6668247,01.06.2024,01.07.2024,22.06.2024,Электроугли,SN1240528002F,нет,,CB.002.0240.001,15,
B20,BURU6668247,01.06.2024,01.07.2024,22.06.2024,Электроугли,SN1240528002F,нет,,CB.002.0240.001,3,
B20,BURU6668247,01.06.2024,01.07.2024,22.06.2024,Электроугли,SN1240528002F,нет,,CB.002.0640.001,20,
B20,BURU6668247,01.06.2024,01.07.2024,22.06.2024,Электроугли,SN1240528002F,нет,,CB.033.1404.0001,3,
B20,BURU6668247,01.06.2024,01.07.2024,22.06.2024,Электроугли,SN1240528002F,нет,,CB.033.1424.0001,6,
B20,BURU6668247,01.06.2024,01.07.2024,22.06.2024,Электроугли,SN1240528002F,нет,,JDB.C01.MIZ01.0004,18,
B20,BURU6668247,01.06.2024,01.07.2024,22.06.2024,Электроугли,SN1240528002F,нет,,CB.002.0204.003,1,
B20,BURU6668247,01.06.2024,01.07.2024,22.06.2024,Электроугли,SN1240528002F,нет,,C.01.SPF02.0015,175,
B20,BURU6668247,01.06.2024,01.07.2024,22.06.2024,Электроугли,SN1240528002F,нет,,C.01.SPF02.0021,411,
B21,NEPU6006861,30.05.2024,15.07.2024,15.07.2024,Санкт-Петербург,SN1240528001,да,,CB.002.0204.003,5,
B21,NEPU6006861,30.05.2024,15.07.2024,15.07.2024,Санкт-Петербург,SN1240528001,да,,CB.002.0205.001,5,
B21,NEPU6006861,30.05.2024,15.07.2024,15.07.2024,Санкт-Петербург,SN1240528001,да,,CB.002.0240.001,4,
B21,NEPU6006861,30.05.2024,15.07.2024,15.07.2024,Санкт-Петербург,SN1240528001,да,,CB.002.0240.001,1,
B21,NEPU6006861,30.05.2024,15.07.2024,15.07.2024,Санкт-Петербург,SN1240528001,да,,CB.002.0605.001,5,
B21,NEPU6006861,30.05.2024,15.07.2024,15.07.2024,Санкт-Петербург,SN1240528001,да,,CB.002.0350.0001,10,
B21,NEPU6006861,30.05.2024,15.07.2024,15.07.2024,Санкт-Петербург,SN1240528001,да,,CB.002.0640.001,5,
B21,NEPU6006861,30.05.2024,15.07.2024,15.07.2024,Санкт-Петербург,SN1240528001,да,,CB.002.0603.001,15,
B21,NEPU6006861,30.05.2024,15.07.2024,15.07.2024,Санкт-Петербург,SN1240528001,да,,CB.002.0203.001,15,
B21,NEPU6006861,30.05.2024,15.07.2024,15.07.2024,Санкт-Петербург,SN1240528001,да,,C.01.SPF02.0016,170,
B21,NEPU6006861,30.05.2024,15.07.2024,15.07.2024,Санкт-Петербург,SN1240528001,да,,C.01.SPF02.0020,85,
B21,NEPU6006861,30.05.2024,15.07.2024,15.07.2024,Санкт-Петербург,SN1240528001,да,,C.01.SPF02.0014,80,
B21,NEPU6006861,30.05.2024,15.07.2024,15.07.2024,Санкт-Петербург,SN1240528001,да,,C.01.SPF02.0021,170,
B21,NEPU6006861,30.05.2024,15.07.2024,15.07.2024,Санкт-Петербург,SN1240528001,да,,C.01.SPF02.0019,165,
B22,TBJU7215710,06.06.2024,12.07.2024,20.07.2024,Селятино,SN1240606003,да,,CB.002.0603.001,70,
B22,TBJU7215710,06.06.2024,12.07.2024,20.07.2024,Селятино,SN1240606003,да,,CB.002.0603.001,238,
B22,TBJU7215710,06.06.2024,12.07.2024,20.07.2024,Селятино,SN1240606003,да,,AF.05.01.0020,20,
B22,TBJU7215710,06.06.2024,12.07.2024,20.07.2024,Селятино,SN1240606003,да,,C.01.SPF02.0014,200,
B22,TBJU7215710,06.06.2024,12.07.2024,20.07.2024,Селятино,SN1240606003,да,,C.01.SPF02.0016,196,
B23,SEKU6585299,07.06.2024,19.07.2024,24.07.2024,Электроугли,SN1240606004A,да,,CB.002.0203.001,52,
B23,SEKU6585299,07.06.2024,19.07.2024,24.07.2024,Электроугли,SN1240606004A,да,,CB.002.0203.001,500,
B24,NEPU4586328,07.06.2024,19.07.2024,24.07.2024,Электроугли,SN1240606004B,да,,CB.002.0203.001,406,
B24,NEPU4586328,07.06.2024,19.07.2024,24.07.2024,Электроугли,SN1240606004B,да,,CB.002.0206.001,100,
B24,NEPU4586328,07.06.2024,19.07.2024,24.07.2024,Электроугли,SN1240606004B,да,,AF.05.01.0020,30,
H5,SMGU5566383,12.06.2024,17.07.2024,13.07.2024,Электроугли,SN1240612001,да,,C.01.SPF02.0020,196,
H5,SMGU5566383,12.06.2024,17.07.2024,13.07.2024,Электроугли,SN1240612001,да,,C.01.SPF02.0012,196,
H5,SMGU5566383,12.06.2024,17.07.2024,13.07.2024,Электроугли,SN1240612001,да,,1.01.18.0314,196,
H5,SMGU5566383,12.06.2024,17.07.2024,13.07.2024,Электроугли,SN1240612001,да,,C.01.SPF02.0015,2,
H5,SMGU5566383,12.06.2024,17.07.2024,13.07.2024,Электроугли,SN1240612001,да,,C.01.SPF02.0019,18,
H5,SMGU5566383,12.06.2024,17.07.2024,13.07.2024,Электроугли,SN1240612001,да,,C.01.SPF02.0021,18,
H5,SMGU5566383,12.06.2024,17.07.2024,13.07.2024,Электроугли,SN1240612001,да,,CB.002.0204.003,276,
B25,SMGU8812990,14.06.2024,20.07.2024,13.07.2024,Электроугли,SN1240613003,да,,CB.002.0204.003,478,
B25,SMGU8812990,14.06.2024,20.07.2024,13.07.2024,Электроугли,SN1240613003,да,,CB.002.0203.001,42,
B25,SMGU8812990,14.06.2024,20.07.2024,13.07.2024,Электроугли,SN1240613003,да,,CB.002.0224.0003,12,
B25,SMGU8812990,14.06.2024,20.07.2024,13.07.2024,Электроугли,SN1240613003,да,,CB.002.0640.001,1,
B25,SMGU8812990,14.06.2024,20.07.2024,13.07.2024,Электроугли,SN1240613003,да,,AF.05.01.0020,1,
B25,SMGU8812990,14.06.2024,20.07.2024,13.07.2024,Электроугли,SN1240613003,да,,AF.05.01.0025,30,
B26,SMGU8803998,17.06.2024,20.07.2024,13.07.2024,Электроугли,SN1240617001,нет,,CB.002.0224.0003,188,
B26,SMGU8803998,17.06.2024,20.07.2024,13.07.2024,Электроугли,SN1240617001,нет,,CB.002.0204.0003,12,
B26,SMGU8803998,17.06.2024,20.07.2024,13.07.2024,Электроугли,SN1240617001,нет,,C.01.SPF02.0013,395,
B26,SMGU8803998,17.06.2024,20.07.2024,13.07.2024,Электроугли,SN1240617001,нет,,1.01.18.0032,395,
B26,SMGU8803998,17.06.2024,20.07.2024,13.07.2024,Электроугли,SN1240617001,нет,,1.02.10.0010,50,
B26,SMGU8803998,17.06.2024,20.07.2024,13.07.2024,Электроугли,SN1240617001,нет,,1.02.10.0031,30,
B26,SMGU8803998,17.06.2024,20.07.2024,13.07.2024,Электроугли,SN1240617001,нет,,2.01.10.1348,8,
B26,SMGU8803998,17.06.2024,20.07.2024,13.07.2024,Электроугли,SN1240617001,нет,,2.01.10.1348,5,
B26,SMGU8803998,17.06.2024,20.07.2024,13.07.2024,Электроугли,SN1240617001,нет,,1.02.11.0049,1,
B26,SMGU8803998,17.06.2024,20.07.2024,13.07.2024,Электроугли,SN1240617001,нет,,1.02.11.0048,17,
B26,SMGU8803998,17.06.2024,20.07.2024,13.07.2024,Электроугли,SN1240617001,нет,,1.01.07.0824,4,
B26,SMGU8803998,17.06.2024,20.07.2024,13.07.2024,Электроугли,SN1240617001,нет,,1.01.07.0824,1,
B27,RBGU4304597,19.06.2024,25.07.2024,02.08.2024,Электроугли,SN1240617002,да,,CB.002.0204.003,30,
B27,RBGU4304597,19.06.2024,25.07.2024,02.08.2024,Электроугли,SN1240617002,да,,CB.002.0205.001,34,
B27,RBGU4304597,19.06.2024,25.07.2024,02.08.2024,Электроугли,SN1240617002,да,,CB.002.0350.0001,40,
B27,RBGU4304597,19.06.2024,25.07.2024,02.08.2024,Электроугли,SN1240617002,да,,CB.002.0204.0003,18,
B27,RBGU4304597,19.06.2024,25.07.2024,02.08.2024,Электроугли,SN1240617002,да,,CB.002.0603.001,100,
B27,RBGU4304597,19.06.2024,25.07.2024,02.08.2024,Электроугли,SN1240617002,да,,C.01.SPF02.0021,1,
B27,RBGU4304597,19.06.2024,25.07.2024,02.08.2024,Электроугли,SN1240617002,да,,C.01.SPF02.0016,491,
B28,HPCU4311053,06.07.2024,13.08.2024,21.08.2024,Электроугли,SN1240709001A,да,,CB.002.0604.001,50,
B28,HPCU4311053,06.07.2024,13.08.2024,21.08.2024,Электроугли,SN1240709001A,да,,CB.002.0604.001,38,
B28,HPCU4311053,06.07.2024,13.08.2024,21.08.2024,Электроугли,SN1240709001A,да,,CB.002.0604.001,50,
B28,HPCU4311053,06.07.2024,13.08.2024,21.08.2024,Электроугли,SN1240709001A,да,,CB.002.0604.001,50,
B28,HPCU4311053,06.07.2024,13.08.2024,21.08.2024,Электроугли,SN1240709001A,да,,CB.002.0604.0002,364,
BH29,HPCU4289480,08.07.2024,13.08.2024,16.08.2024,Электроугли,SN1240709001B,да,,C.01.SPF02.0015,500,
BH29,HPCU4289480,08.07.2024,13.08.2024,16.08.2024,Электроугли,SN1240709001B,да,,C.01.SPF02.0014,200,
BH29,HPCU4289480,08.07.2024,13.08.2024,16.08.2024,Электроугли,SN1240709001B,да,,CB.002.0604.001,12,
BH29,HPCU4289480,08.07.2024,13.08.2024,16.08.2024,Электроугли,SN1240709001B,да,,CB.002.0604.0002,136,
BH29,HPCU4289480,08.07.2024,13.08.2024,16.08.2024,Электроугли,SN1240709001B,да,,CB.002.0204.003,17,
B30,GESU4927407,16.07.2024,25.08.2024,15.08.2024,Электроугли,SN1240716001,нет,,CB.002.0603.001,552,
B31,GESU5257866,16.07.2024,25.08.2024,16.08.2024,Электроугли,SN1240716001,да,,CB.050.0224.0006,4,
B31,GESU5257866,16.07.2024,25.08.2024,16.08.2024,Электроугли,SN1240716001,да,,CB.002.0603.001,548,
B32,LGEU8326374,17.07.2024,25.08.2024,16.08.2024,Электроугли,SN1240716001,да,,CB.002.0604.001,50,
B32,LGEU8326374,17.07.2024,25.08.2024,16.08.2024,Электроугли,SN1240716001,да,,CB.002.0604.001,50,
B32,LGEU8326374,17.07.2024,25.08.2024,16.08.2024,Электроугли,SN1240716001,да,,CB.002.0604.001,50,
B32,LGEU8326374,17.07.2024,25.08.2024,16.08.2024,Электроугли,SN1240716001,да,,CB.002.0604.001,50,
B32,LGEU8326374,17.07.2024,25.08.2024,16.08.2024,Электроугли,SN1240716001,да,,CB.050.0224.0006,87,
B32,LGEU8326374,17.07.2024,25.08.2024,16.08.2024,Электроугли,SN1240716001,да,,CB.002.0205.001,98,
B32,LGEU8326374,17.07.2024,25.08.2024,16.08.2024,Электроугли,SN1240716001,да,,CB.002.0240.001,92,
BH33,XAPU1809460,26.07.2024,06.09.2024,,Электроугли,SN1240724001,нет,,CB.002.0205.001,1,
BH33,XAPU1809460,26.07.2024,06.09.2024,,Электроугли,SN1240724001,нет,,CB.002.0207.001,52,
BH33,XAPU1809460,26.07.2024,06.09.2024,,Электроугли,SN1240724001,нет,,CB.002.0240.001,58,
BH33,XAPU1809460,26.07.2024,06.09.2024,,Электроугли,SN1240724001,нет,,CB.002.0603.001,127,
BH33,XAPU1809460,26.07.2024,06.09.2024,,Электроугли,SN1240724001,нет,,C.01.SPF02.0016,4,
BH33,XAPU1809460,26.07.2024,06.09.2024,,Электроугли,SN1240724001,нет,,C.01.SPF02.0020,4,
BH33,XAPU1809460,26.07.2024,06.09.2024,,Электроугли,SN1240724001,нет,,C.01.SPF02.0012,4,
BH33,XAPU1809460,26.07.2024,06.09.2024,,Электроугли,SN1240724001,нет,,1.01.18.0314,4,
BH33,XAPU1809460,26.07.2024,06.09.2024,,Электроугли,SN1240724001,нет,,C.01.SPF02.0013,5,
BH33,XAPU1809460,26.07.2024,06.09.2024,,Электроугли,SN1240724001,нет,,1.01.18.0032,5,
BH33,XAPU1809460,26.07.2024,06.09.2024,,Электроугли,SN1240724001,нет,,C.01.SPF02.0016,9,
BH33,XAPU1809460,26.07.2024,06.09.2024,,Электроугли,SN1240724001,нет,,C.01.SPF02.0020,280,
BH33,XAPU1809460,26.07.2024,06.09.2024,,Электроугли,SN1240724001,нет,,N.02.AMZ01.0030,1,
BH33,XAPU1809460,26.07.2024,06.09.2024,,Электроугли,SN1240724001,нет,,Spare parts for GWH,10 276,
B34,BEAU4879889,03.08.2024,18.09.2024,,Селятино,SN1240803001A,нет,,CB.002.0203.001,550,
B35,TDRU8826156,05.08.2024,18.09.2024,,Селятино,SN1240803001B,нет,,CB.002.0203.001,550,
B36,NEPU4572725,08.09.2024,20.09.2024,,Электроугли,SN1240808001,нет,,CB.002.0203.001,373,
B36,NEPU4572725,08.09.2024,20.09.2024,,Электроугли,SN1240808001,нет,,CB.002.0640.001,100,
B36,NEPU4572725,08.09.2024,20.09.2024,,Электроугли,SN1240808001,нет,,AF.05.01.0020,63,
B36,NEPU4572725,08.09.2024,20.09.2024,,Электроугли,SN1240808001,нет,,AF.05.01.0020,27,
B36,NEPU4572725,08.09.2024,20.09.2024,,Электроугли,SN1240808001,нет,,AF.05.01.0020,10,
B37,SEKU6518990,08.09.2024,20.09.2024,,Электроугли,SN1240808002,нет,,CB.050.0224.0005,552,
B38,SEKU654990,09.08.2024,20.09.2024,,Белый Раст,SN1240813002,нет,,CB.002.0203.001,115,
B38,SEKU654990,09.08.2024,20.09.2024,,Белый Раст,SN1240813002,нет,,CB.002.0603.001,437,
B39,XHCU5294480,13.08.2024,20.09.2024,,Селятино,SN1240813001A,нет,,CB.002.0603.001,540,
B39,XHCU5294480,13.08.2024,20.09.2024,,Селятино,SN1240813001A,нет,,CB.002.0203.001,12,
B40,CICU2579602,13.08.2024,20.09.2024,,Селятино,SN1240813001B,нет,,CB.002.0204.003,529,
B40,CICU2579602,13.08.2024,20.09.2024,,Селятино,SN1240813001B,нет,,CB.002.0603.001,23,
B41,NWRU6006253,13.08.2024,20.09.2024,,Селятино,SN1240813001C,нет,,CB.002.0204.003,552,
B42,CICU2484092,13.08.2024,27.09.2024,,Селятино,SN1240815003A,нет,,CB.050.0224.0006,400,
B42,CICU2484092,13.08.2024,27.09.2024,,Селятино,SN1240815003A,нет,,CB.002.0606.0001,114,
B43,FWRU0355291,13.08.2024,27.09.2024,,Селятино,SN1240815003B,нет,,CB.050.0224.0005,72,
B43,FWRU0355291,13.08.2024,27.09.2024,,Селятино,SN1240815003B,нет,,CB.002.0204.003,5,
B43,FWRU0355291,13.08.2024,27.09.2024,,Селятино,SN1240815003B,нет,,CB.050.0224.0006,224,
B43,FWRU0355291,13.08.2024,27.09.2024,,Селятино,SN1240815003B,нет,,CB.002.0606.0001,179,
B44,RBGU4163821,20.08.2024,27.09.2024,,Селятино,,нет,,CB.033.1404.0002,190,
B44,RBGU4163821,20.08.2024,27.09.2024,,Селятино,,нет,,CB.033.0603.0001,200,
B44,RBGU4163821,20.08.2024,27.09.2024,,Селятино,,нет,,CB.033.0606.0001,100,
B44,RBGU4163821,20.08.2024,27.09.2024,,Селятино,,нет,,CB.033.0640.0001,13,
